3.325554115982929297e+13,4.417408161963435547e+12,5.867742393845725098e+11,7.794253901416888428e+10,1.035328237031493950e+10,1.375249731343602657e+09,1.826775080513058901e+08,2.426546334623298049e+07,3.223235951094784308e+06,4.281496647391548031e+05,5.687208079011031805e+04,7.554446119600201200e+03,1.003474031213336275e+03,1.332937074906074599e+02,1.770570229416764008e+01,2.351888169603081558e+00,3.124065835073372432e-01,4.149766756775581655e-02,5.512228309118025540e-03,7.322016564480631493e-04,9.725998918050492040e-05,1.291926262674731925e-05,1.716094647194592405e-06,2.279527031235387076e-07,3.027946911102714971e-08,4.022089833033355246e-09,5.342632186077109408e-10,7.096738228290743001e-11,9.426756648554334057e-12,1.252177240479491281e-12,1.663295128993571658e-13,2.209392246320005000e-14,2.969023638872055132e-15,3.715148322084034964e-16,3.987009499299251423e-17,3.629858808190715205e-18,2.770955453512621363e-19,1.751584521673688874e-20,9.046285091909749644e-22,3.762749415372801701e-23,1.241210125334314207e-24,3.193863566057437776e-26,6.298321384334207257e-28,9.339379502759314153e-30,1.020333399612960448e-31,8.035202938255573366e-34,4.455409023631291935e-36,1.696187502136792216e-38,4.315339280488696510e-41,7.127082295470495807e-44,7.407048525465791013e-47,4.685006123392960718e-50,1.739985148631245445e-53,3.651396066670162868e-57,4.154763317585032744e-61,2.452480005553008981e-65,7.162154548364452324e-70,9.835078282924726881e-75,6.013502555536845600e-80,1.544188014294890569e-85,1.564111667478554144e-91,5.842976832026432401e-98,7.490197563307944706e-105,3.049835936016085131e-112,3.630690546053285621e-120
3.549282652466813281e+13,5.855251276561295898e+12,9.659407510935966797e+11,1.593512371293523254e+11,2.628817217402455521e+10,4.336759530082524300e+09,7.154351811627796888e+08,1.180253354826153517e+08,1.947063854637933522e+07,3.212071068076688331e+06,5.298953355740786064e+05,8.741682880363437289e+04,1.442115347138317702e+04,2.379057560099247894e+03,3.924731045610687374e+02,6.474628457387005653e+01,1.068119399113703061e+01,1.762076477857761780e+00,2.906897409031241608e-01,4.795508397516105165e-02,7.911149777491357019e-03,1.305102308533508029e-03,2.153027162481085726e-04,3.551848718733839209e-05,5.859484515854103366e-06,9.666391085421323990e-07,1.594664451514361564e-07,2.630717804040451623e-08,4.339894927690420980e-09,7.159524276783133625e-10,1.181106656356890592e-10,1.948471546097405978e-11,3.257749313690196917e-12,5.122507134089885638e-13,7.021079981373813193e-14,8.306996954190459940e-15,8.395858111186517664e-16,7.168149567618343051e-17,5.108156554298534050e-18,2.999572512392503743e-19,1.431582249383356366e-20,5.471793315182691870e-22,1.648666076110994823e-23,3.850012561035037785e-25,6.842594255174879342e-27,9.076888142908103106e-29,8.800784854689450758e-31,6.098468793612261879e-33,2.948280025791168237e-35,9.690206410329635174e-38,2.106008102287419087e-40,2.937752501157731374e-43,2.547533257253623640e-46,1.327039425182371308e-49,4.002518901377484831e-53,6.719458694600041879e-57,6.018788559670261394e-61,2.748834292573180169e-65,6.097004128275829427e-70,6.233721365539540642e-75,2.778028050990751991e-80,5.081857112897984161e-86,3.578156079227701366e-92,9.050691866054668700e-99,7.637636543134031191e-106
3.608951196245582812e+13,6.333344233447491211e+12,1.111437838812301025e+12,1.950460963451118469e+11,3.422861663601443100e+10,6.006775930251043320e+09,1.054128405478106260e+09,1.849888705919112563e+08,3.246367526482670754e+07,5.697046575439781882e+06,9.997740372266349150e+05,1.754502288644673245e+05,3.078974014366817573e+04,5.403287896802509749e+03,9.482223610690855367e+02,1.664034312447981847e+02,2.920211868745937878e+01,5.124676393132503449e+00,8.993288608750019675e-01,1.578231166140709185e-01,2.769636027642265880e-02,4.860431025685455625e-03,8.529564722465002432e-04,1.496852315571316650e-04,2.626824377954538504e-05,4.609811028673629296e-06,8.089751982821217201e-07,1.419669629329465572e-07,2.491376572137643189e-08,4.372113832658314069e-09,7.672617451532370836e-10,1.346466739219497457e-10,2.396110869136985415e-11,4.021689704930258005e-12,5.911264738244317659e-13,7.537499582318212433e-14,8.253994667053340832e-15,7.678830250179791393e-16,5.999157410409584881e-17,3.887422448984502009e-18,2.061752480953760947e-19,8.823234941955257904e-21,3.000571360329893621e-22,7.977274579695018654e-24,1.629124938307789604e-25,2.507982292147856438e-27,2.852266127883827010e-29,2.344963022657424839e-31,1.361629769273785792e-33,5.446491624673973287e-36,1.461079772360255550e-38,2.554136479456596692e-41,2.821169423826734015e-44,1.904818927628165208e-47,7.587441533302079709e-51,1.716368185984963387e-54,2.116675026508067624e-58,1.362056350787812187e-62,4.363381019964468374e-67,6.616848669413285371e-72,4.499962626014733392e-77,1.295176148377720099e-82,1.482600915567291882e-88,6.314775269695911647e-95,9.317536192251046672e-102
3.903738342259235156e+13,1.015136696016036523e+13,2.639783769426424805e+12,6.864551716705058594e+11,1.785073111558567505e+11,4.641943341842698669e+10,1.207101146129764748e+10,3.138972343443932533e+09,8.162652653008641005e+08,2.122634131289188564e+08,5.519744434614790976e+07,1.435366471043989435e+07,3.732558509914166294e+06,9.706227162878838135e+05,2.524028638457243796e+05,6.563539530701425974e+04,1.706797241310711615e+04,4.438393048932422062e+03,1.154169480710194648e+03,3.001327677645058429e+02,7.804718439665771257e+01,2.029556131980025668e+01,5.277702360053491581e+00,1.372425318147755924e+00,3.568884952947380951e-01,9.280606849022725313e-02,2.413349396847211045e-02,6.275726798917425839e-03,1.631953786140644558e-03,4.243768483609215150e-04,1.103558881104427003e-04,2.869718762388073974e-05,7.597497633179901209e-06,1.932984398271931782e-06,4.436150950087257556e-07,9.116265185469091758e-08,1.664361831490329235e-08,2.676980858322966270e-09,3.759221728583385087e-10,4.564756069384904884e-11,4.743723113371067719e-12,4.172536610913096579e-13,3.069837663396311245e-14,1.865321122447462555e-15,9.234408288478140653e-17,3.670729289191313907e-18,1.153448700676396547e-19,2.817548836456208700e-21,5.254956094540610455e-23,7.340424129589048462e-25,7.522246197981860736e-27,5.531111297901860559e-29,2.849543723008879248e-31,1.002627205442611989e-33,2.344209114320408120e-36,3.536445423257577839e-39,3.335334378682883392e-42,1.901087217508550316e-45,6.314988510133821394e-49,1.175767916950528089e-52,1.176769096400114331e-56,6.053512929121604350e-61,1.525408150399800506e-65,1.788263988996624048e-70,9.228456646576433441e-76
3.867928598792864844e+13,1.577978976720066016e+13,6.437599835083854492e+12,2.626314561098462402e+12,1.071444070855015869e+12,4.371115379607142944e+11,1.783261504876398926e+11,7.275080428235778809e+10,2.967977219974126053e+10,1.210830432072836304e+10,4.939762762890985489e+09,2.015249659018855810e+09,8.221510592947564125e+08,3.354087476330724359e+08,1.368349851489427984e+08,5.582386652954792976e+07,2.277417628917583823e+07,9.291063802897397429e+06,3.790427609473576769e+06,1.546361295913080918e+06,6.308610805602701148e+05,2.573691568830121250e+05,1.049975738808384194e+05,4.283532127306666371e+04,1.747530614992326082e+04,7.129310950810163376e+03,2.908508394490411774e+03,1.186569240588373532e+03,4.840785625296951480e+02,1.974870464235358725e+02,8.056777664617064261e+01,3.286882229119024856e+01,1.372878004435461285e+01,5.636021981061946740e+00,2.159505073694403254e+00,7.684861999947094624e-01,2.526540298068905566e-01,7.630810498544060572e-02,2.104466282897180657e-02,5.265349255617891334e-03,1.186901779986431317e-03,2.392658379907696374e-04,4.279305470745300635e-05,6.732823097489523605e-06,9.234129518880700979e-07,1.093284547260095056e-07,1.105789523728860735e-08,9.448334626391731391e-10,6.738720573221532316e-11,3.960623877936821518e-12,1.892079292770693025e-13,7.239378913858737481e-15,2.183659286845991956e-16,5.105392570878011805e-18,9.085301887545786107e-20,1.206831317524078849e-21,1.171829211042545787e-23,8.132844242738770340e-26,3.938382024391536809e-28,1.296766826884617513e-30,2.823740425351900275e-33,3.947080851596775207e-36,3.430373202114979770e-39,1.791163938078458650e-42,5.416132207743732046e-46
3.548497192643052344e+13,1.819317944960981641e+13,9.327660711467837891e+12,4.782300674230230469e+12,2.451890184065661133e+12,1.257086470349382324e+12,6.445094499767154541e+11,3.304406187697161255e+11,1.694172250490007324e+11,8.686037524734904480e+10,4.453339845418975830e+10,2.283231648760530090e+10,1.170615076067985916e+10,6.001754824402317047e+09,3.077105507066311836e+09,1.577634971545300961e+09,8.088549767718791962e+08,4.147007294138506055e+08,2.126174653245450556e+08,1.090091802465108186e+08,5.588911221323106438e+07,2.865440192210904136e+07,1.469113959765823931e+07,7.532161490041534416e+06,3.861746485691823531e+06,1.979921160674811807e+06,1.015107495277649607e+06,5.204465952662783093e+05,2.668334730896406109e+05,1.368057798988031864e+05,7.014045575695951993e+04,3.596107954965894169e+04,1.893923153113477747e+04,9.920734849104574096e+03,4.935599464706127947e+03,2.323523678047325120e+03,1.030974903215575523e+03,4.293423133143688233e+02,1.670491704806013331e+02,6.043115701258309258e+01,2.022065007503135448e+01,6.223417056164718630e+00,1.751351775931594412e+00,4.477718852351118550e-01,1.033027312801034492e-01,2.134821133155555620e-02,3.921072051099232757e-03,6.347469180624716904e-04,8.975329332727203743e-05,1.097943695852266156e-05,1.150058390805970324e-06,1.020194542444591756e-07,7.574293602989895424e-09,4.647340612943860246e-10,2.324794126285888725e-11,9.344891512749877453e-13,2.971747028782074772e-14,7.352699138183906217e-16,1.390283085149360810e-17,1.970788498818893342e-19,2.051672862393891579e-21,1.534281526848029581e-23,8.048710778408952996e-26,2.887443993049029294e-28,6.892861794802844465e-31
3.203142536576715625e+13,1.882653314374975000e+13,1.106533181603294531e+13,6.503670498652612305e+12,3.822545103776977539e+12,2.246708389275952637e+12,1.320507266599790527e+12,7.761307384020588379e+11,4.561723652181095581e+11,2.681162032277167053e+11,1.575858248205699463e+11,9.262137791533612061e+10,5.443839670670505524e+10,3.199627453939978027e+10,1.880587317654319000e+10,1.105318887974708366e+10,6.496533464011229515e+09,3.818350297654858589e+09,2.244242883742320061e+09,1.319058160882041216e+09,7.752790236715275049e+08,4.556717682131298184e+08,2.678219763552521169e+08,1.574128923986450732e+08,9.251973654484352469e+07,5.437865679165293276e+07,3.196116228704466298e+07,1.878523588128817081e+07,1.104105926894513331e+07,6.489404261449192651e+06,3.814160094852791168e+06,2.241780083819068503e+06,1.356383141158508137e+06,8.221992520860965597e+05,4.783365012706370326e+05,2.663004105912640225e+05,1.414232994275856181e+05,7.140231273298102315e+04,3.414858529438870755e+04,1.541052606852317513e+04,6.534947876527482549e+03,2.592473709610025253e+03,9.575576198592611945e+02,3.276257857714236934e+02,1.032717185728231755e+02,2.981499854866678234e+01,7.834633986741530443e+00,1.861322525407788531e+00,3.969415162065787483e-01,7.540434276502150368e-02,1.265489466589618181e-02,1.859893621573263179e-03,2.371317532430732109e-04,2.596438823651489445e-05,2.415221864553772230e-06,1.886672789353486858e-07,1.222386309197442256e-08,6.482155405025265387e-10,2.773590812261001190e-11,9.430729146986159823e-13,2.506786801440613958e-14,5.118387930699365926e-16,7.877949919031978184e-18,8.957406719108410357e-20,7.362491978014839683e-22
2.911133338986741016e+13,1.863843613522339062e+13,1.193319786883122461e+13,7.640190965784116211e+12,4.891607315597662109e+12,3.131835609498126953e+12,2.005147521479264893e+12,1.283789152502402588e+12,8.219418124742091064e+11,5.262455612563087769e+11,3.369270020566775513e+11,2.157164127786549072e+11,1.381117288256495361e+11,8.842558335504272461e+10,5.661419097541179657e+10,3.624705088945968628e+10,2.320705596152925491e+10,1.485824179307674980e+10,9.512940786091140747e+09,6.090629272290086746e+09,3.899505501675610065e+09,2.496645662999091148e+09,1.598469232545957088e+09,1.023414706084790230e+09,6.552379234490519762e+08,4.195139407057289481e+08,2.685924305480680466e+08,1.719654265275614262e+08,1.101003027541157752e+08,7.049135928846210241e+07,4.513186258381378651e+07,2.889552763408898562e+07,1.907138400217554718e+07,1.266895789481054060e+07,8.130486905971965753e+06,5.028436745756102726e+06,2.989077517336735968e+06,1.702918455871165264e+06,9.269999744961063843e+05,4.805928145125651499e+05,2.364656974415225850e+05,1.100084578886174713e+05,4.819581184167109313e+04,1.979942130022679339e+04,7.592033755713744540e+03,2.703878706265999426e+03,8.897118563192466354e+02,2.689628944049430856e+02,7.424900483305468413e+01,1.859658629708902922e+01,4.196727514942794279e+00,8.470352680614422480e-01,1.516897437682417360e-01,2.389913719751385682e-02,3.282659633676156957e-03,3.892725588894538368e-04,3.943962707879983574e-05,3.376042387495604136e-06,2.412562982178398231e-07,1.420933365382978803e-08,6.803352571390607403e-10,2.609322577011061523e-11,7.890934567077013876e-13,1.849990384190865371e-14,3.301884698405678845e-16
2.673136031229550391e+13,1.814189705656664062e+13,1.231244594236655664e+13,8.356145149044760742e+12,5.671104025857208008e+12,3.848834635881165527e+12,2.612106564580144043e+12,1.772770552705385498e+12,1.203134464402870850e+12,8.165368819021380615e+11,5.541628963620234375e+11,3.760963191141572266e+11,2.552470441088733521e+11,1.732297026457784729e+11,1.175666107457245026e+11,7.978948039009179688e+10,5.415109902836363983e+10,3.675097909703643036e+10,2.494195849807881546e+10,1.692747537629693222e+10,1.148824871299542236e+10,7.796783368915652275e+09,5.291479356033990860e+09,3.591192989530020714e+09,2.437251706055159569e+09,1.654100989834627867e+09,1.122596438346677542e+09,7.618777638931530714e+08,5.170671376525183320e+08,3.509203674274221659e+08,2.381607634831998646e+08,1.616336768330558836e+08,1.131942767605395168e+08,8.003872593791650236e+07,5.492141704514390230e+07,3.649322388902755082e+07,2.342651800487761945e+07,1.449281118580480106e+07,8.617762025486771017e+06,4.911325590175102465e+06,2.674500802985774819e+06,1.387106335820256034e+06,6.827822846358333481e+05,3.177860204465151182e+05,1.392921222266982950e+05,5.725233574487225997e+04,2.196535726628607881e+04,7.827514424053178118e+03,2.577275764565144073e+03,7.796475664829681591e+02,2.153833021979527302e+02,5.398741481612021431e+01,1.219360269544391606e+01,2.463261298281982814e+00,4.415506250332510985e-01,6.963880762796305357e-02,9.575718827676698436e-03,1.136866824650782822e-03,1.153280959719653646e-04,9.885429728757511402e-06,7.074459255187185697e-07,4.173109566060766472e-08,2.001374169086502111e-09,7.689595708133735436e-11,2.329858140973596818e-12
2.468285203200380078e+13,1.751219214406490820e+13,1.242469360076427539e+13,8.815173440475958984e+12,6.254261495904630859e+12,4.437324701922515625e+12,3.148229494910772949e+12,2.233631662864782227e+12,1.584735297543318848e+12,1.124350986347808594e+12,7.977137522342182617e+11,5.659684904716643066e+11,4.015479629248305054e+11,2.848935395585498657e+11,2.021286032458158264e+11,1.434078579437499390e+11,1.017461823302854614e+11,7.218771528438999939e+10,5.121633184294004059e+10,3.633738285125317383e+10,2.578094418256478119e+10,1.829127556228502274e+10,1.297744408917765808e+10,9.207343386974416733e+09,6.532501443512955666e+09,4.634732660223051071e+09,3.288288110991432190e+09,2.333001597629858017e+09,1.655237093230987072e+09,1.174371178138586283e+09,8.332024878384821415e+08,5.911473294504809380e+08,4.331152539611428380e+08,3.211804438962904215e+08,2.319247501233758330e+08,1.627672080406179726e+08,1.107945822457214594e+08,7.298746021497352421e+07,4.642311269765467942e+07,2.843686527926701307e+07,1.673083784284160286e+07,9.427261865130880848e+06,5.071532784556993283e+06,2.596191576593219768e+06,1.260182830706118373e+06,5.777972107849866152e+05,2.492244700151438883e+05,1.006889730422577850e+05,3.792427700353434193e+04,1.325016234146496936e+04,4.271338468557568376e+03,1.263139750315396441e+03,3.405751587106095712e+02,8.317439420395190552e+01,1.826924480561720898e+01,3.582027735033185500e+00,6.218798916829211265e-01,9.477578226607036305e-02,1.256261783726392647e-02,1.433999111484389249e-03,1.394737421920503153e-04,1.142805350009148400e-05,7.792882639137990331e-07,4.365180565984616357e-08,1.980663692502024650e-09
2.284829060518400781e+13,1.680874066874721289e+13,1.236564116551866992e+13,9.096998070692830078e+12,6.692364171859599609e+12,4.923353600907042969e+12,3.621950338788716797e+12,2.664550491403831543e+12,1.960222713493856689e+12,1.442071786176885742e+12,1.060885083195881714e+12,7.804584837841654053e+11,5.741577995193762207e+11,4.223891284396616211e+11,3.107378772410020752e+11,2.285997007284190369e+11,1.681733287139392395e+11,1.237196216819485474e+11,9.101648225778250122e+10,6.695785138979232025e+10,4.925870294612661743e+10,3.623801788097177124e+10,2.665912542150867462e+10,1.961224729713814163e+10,1.442808936761935806e+10,1.061427380789693451e+10,7.808574344005298615e+09,5.744512944492988586e+09,4.226050430675819874e+09,3.108967185762267590e+09,2.287165551074796677e+09,1.682592946615709782e+09,1.279080496872726679e+09,9.860968403735128641e+08,7.423487138650960922e+08,5.447778713533644676e+08,3.890067987844049335e+08,2.697535926359146237e+08,1.812736057121940851e+08,1.177819527135408819e+08,7.381578845918622613e+07,4.450620883746384084e+07,2.574464796237275004e+07,1.424480692681788094e+07,7.515288564181306399e+06,3.767662537268724293e+06,1.788331183270360343e+06,8.005217183129177429e+05,3.365320515154551249e+05,1.322688877320332685e+05,4.837027826601410925e+04,1.637393038794371387e+04,5.102540662609620995e+03,1.455176574067451838e+03,3.773949192117975713e+02,8.840752376417208325e+01,1.857160888322538383e+01,3.471436588967376835e+00,5.726152030016044003e-01,8.261335812190333250e-02,1.032614769805959704e-02,1.106881933230522688e-03,1.006466951594936065e-04,7.672844994996600324e-06,4.843213907896366694e-07
2.122537801906413281e+13,1.608645373441468555e+13,1.219172603272551953e+13,9.239959664885416016e+12,7.002852129348821289e+12,5.307375759646624023e+12,4.022395009032392090e+12,3.048523854615101074e+12,2.310438848320106445e+12,1.751053272470028809e+12,1.327101803736288574e+12,1.005794184088851929e+12,7.622790790419130859e+11,5.777219669165008545e+11,4.378483946815994263e+11,3.318399294187849121e+11,2.514974134751405945e+11,1.906068058038379211e+11,1.444585608922497559e+11,1.094833719449470825e+11,8.297610510862251282e+10,6.288657260628800964e+10,4.766096226123007202e+10,3.612165887761042023e+10,2.737616233845570374e+10,2.074805774897623062e+10,1.572469855463075256e+10,1.191755621782039070e+10,9.032169724047464371e+09,6.845370681114331245e+09,5.188022501072061539e+09,3.931938637872009754e+09,3.080898833113647461e+09,2.452247378111309052e+09,1.910363087485662460e+09,1.454321114397617102e+09,1.080132970778285503e+09,7.812586119003049135e+08,5.492701212779675722e+08,3.745970722570304275e+08,2.472750601978226900e+08,1.576217678967446387e+08,9.677913550427167118e+07,5.708327240253640711e+07,3.225122232554467395e+07,1.740015590916456282e+07,8.934983562438946217e+06,4.351409039092407562e+06,2.002230933863134589e+06,8.669262202527946793e+05,3.516772553089959547e+05,1.330384403664027923e+05,4.669969112228204904e+04,1.512985833363610982e+04,4.498375318736834743e+03,1.219879632454512148e+03,2.997584565399872076e+02,6.627821486578021393e+01,1.308734768689492078e+01,2.289392132411974146e+00,3.517514905448880791e-01,4.703206813377534823e-02,5.418840479663642427e-03,5.323297229382436711e-04,4.408582242631146973e-05
1.978429103904019141e+13,1.537190388275160352e+13,1.194358840123581055e+13,9.279872225729779297e+12,7.210230764228326172e+12,5.602170634341494141e+12,4.352747761137301758e+12,3.381977149347016602e+12,2.627712439674399902e+12,2.041667450932581299e+12,1.586325016870593262e+12,1.232535228986507324e+12,9.576493307088422852e+11,7.440697994175855713e+11,5.781237961034489746e+11,4.491878636690767212e+11,3.490078391990010376e+11,2.711704426460017090e+11,2.106927143344220886e+11,1.637030180739743652e+11,1.271931884839263000e+11,9.882595560576005554e+10,7.678531859924130249e+10,5.966028981199537659e+10,4.635456680238912964e+10,3.601634973964073944e+10,2.798381126282625198e+10,2.174272791258411026e+10,1.689356080344427299e+10,1.312587812196696091e+10,1.019848204160757446e+10,7.923967828021036148e+09,6.368081673742756844e+09,5.205816560355116844e+09,4.173195740773556709e+09,3.275941650952198505e+09,2.514403632881257057e+09,1.883918663908417940e+09,1.375511110781123400e+09,9.768623412747648954e+08,6.734488968917462826e+08,4.497288362894739509e+08,2.902539531906831264e+08,1.806019359670539796e+08,1.080545473790741712e+08,6.198951981412607431e+07,3.399688898226016760e+07,1.776657270189979672e+07,8.816776825695263222e+06,4.139511772978304885e+06,1.831464936531189363e+06,7.603493686157164630e+05,2.948607379505161080e+05,1.062903945291074924e+05,3.543062436533535947e+04,1.086039218364485714e+04,3.042964715838160373e+03,7.743769166150199226e+02,1.777604042797408113e+02,3.653909408157511507e+01,6.672808463087769759e+00,1.073580957986286943e+00,1.508082982866347233e-01,1.831860601375666017e-02,1.904373855234428852e-03
1.851103167550500781e+13,1.468645625478489648e+13,1.165207866880419531e+13,9.244635666263390625e+12,7.334595914697850586e+12,5.819190628379458984e+12,4.616884142391674805e+12,3.662986924730421387e+12,2.906174986621039062e+12,2.305728419569333496e+12,1.829340479938185059e+12,1.451379339881465088e+12,1.151508978965985107e+12,9.135950142073620605e+11,7.248365972222343750e+11,5.750776706334517822e+11,4.562605262049171143e+11,3.619922636597628174e+11,2.872008237036660156e+11,2.278620882726675110e+11,1.807833647634434814e+11,1.434316047173368225e+11,1.137971143457238007e+11,9.028542390593901062e+10,7.163149801066447449e+10,5.683167099705342865e+10,4.508964517029162598e+10,3.577364638263460541e+10,2.838243172410179901e+10,2.251832038470471191e+10,1.786579662649600220e+10,1.417453360847101784e+10,1.163636816864643478e+10,9.728471521824123383e+09,7.988652592325090408e+09,6.434909935069030762e+09,5.077493153822240829e+09,3.918761883820081711e+09,2.953585164368707180e+09,2.170251580025012493e+09,1.551802312812325716e+09,1.077649032057566166e+09,7.253054339856470823e+08,4.720521186363190413e+08,2.963721350390548706e+08,1.790364218707053065e+08,1.037767782104436457e+08,5.754747126650507003e+07,3.043269129881533980e+07,1.529555244787706248e+07,7.279780073924054392e+06,3.268171374903898221e+06,1.378192110921233660e+06,5.434871462235215586e+05,1.994627847606808937e+05,6.777955859135329956e+04,2.120866806736151557e+04,6.075062358188904000e+03,1.582979123769787748e+03,3.726988250241739706e+02,7.871614629568931321e+01,1.479911924057905281e+01,2.456294666362021317e+00,3.567385706587216099e-01,4.490814318762895163e-02
1.739117633598928906e+13,1.404350340748110547e+13,1.134023277929778125e+13,9.157321770588439453e+12,7.394604999923615234e+12,5.971198181603448242e+12,4.821786657211934570e+12,3.893628357420181152e+12,3.144133671495252930e+12,2.538911174044398926e+12,2.050189534919465088e+12,1.655543199803101318e+12,1.336863367865129150e+12,1.079527048615983765e+12,8.717260691753068848e+11,7.039252426829685059e+11,5.684248352869039307e+11,4.590072550025955811e+11,3.706517503561851196e+11,2.993040274305167847e+11,2.416902139273384705e+11,1.951666337727536316e+11,1.575984990010380859e+11,1.272619525543489838e+11,1.027649671196346130e+11,8.298347035489193726e+10,6.700976553736040497e+10,5.411088085577166748e+10,4.369493615606014252e+10,3.528398383998050690e+10,2.849207769004475403e+10,2.300756328359078598e+10,1.922995922340241241e+10,1.638441529196389771e+10,1.373023450890955925e+10,1.130316850635419464e+10,9.129378526221673965e+09,7.224446276621023178e+09,5.593079991890356064e+09,4.229563348351808548e+09,3.118917519861633301e+09,2.238666032855438232e+09,1.561020717117429972e+09,1.055257628333441734e+09,6.900343980125964880e+08,4.354197643596810699e+08,2.644596229889953732e+08,1.541820561274103522e+08,8.603120620157922804e+07,4.579937461751057953e+07,2.318359747616104409e+07,1.111865261689518020e+07,5.032623982936694287e+06,2.140964892982312944e+06,8.522589765226909658e+05,3.159500225798276952e+05,1.085279945657567878e+05,3.435400471196581930e+04,9.963081471802261149e+03,2.630755027491979035e+03,6.282549182593052137e+02,1.347267037974736184e+02,2.574589899321309971e+01,4.348490682984571087e+00,6.434772116706261036e-01
1.639489088678701758e+13,1.344111166780469531e+13,1.101949894719921289e+13,9.034175152207273438e+12,7.406536456133833008e+12,6.072140660526897461e+12,4.978155770864914062e+12,4.081268248625388672e+12,3.345968122316067383e+12,2.743143060818425781e+12,2.248925744967232422e+12,1.843748901986709473e+12,1.511570589284492920e+12,1.239239054693330811e+12,1.015972026423290405e+12,8.329298165397846680e+11,6.828653360894270020e+11,5.598371651163658447e+11,4.589743173088571777e+11,3.762833857329662476e+11,3.084904340810528564e+11,2.529113735227532959e+11,2.073456930608095398e+11,1.699893359165171509e+11,1.393632725077344055e+11,1.142549420488550720e+11,9.367024430244219971e+10,7.679418071847889709e+10,6.295858664765617371e+10,5.161567706804940796e+10,4.231635843579329681e+10,3.469244797284589386e+10,2.944712584189554214e+10,2.550132274919836807e+10,2.174634354675854874e+10,1.824025629119735718e+10,1.503071080538891029e+10,1.215283428367154312e+10,9.627884804255815506e+09,7.462813402699135780e+09,5.650802427251670837e+09,4.172746767627152920e+09,2.999538323938310623e+09,2.094919124306755781e+09,1.418601568280584335e+09,9.293288770875524282e+08,5.875716286063367128e+08,3.576245772814424634e+08,2.089694551039837003e+08,1.168843471239195317e+08,6.238592806751741469e+07,3.166761926578618959e+07,1.523283467904574238e+07,6.916870693830509670e+06,2.952640180836684071e+06,1.179681040730603272e+06,4.390532494208449498e+05,1.514496155597714533e+05,4.815726072978938464e+04,1.403381423638681918e+04,3.724856775100048253e+03,8.944833000861027585e+02,1.929605519905353219e+02,3.710947837285777950e+01,6.310643636682348401e+00
1.550290644226994727e+13,1.287824731494564648e+13,1.069794586727966797e+13,8.886771854926822266e+12,7.382231596728183594e+12,6.132411660542242188e+12,5.094187615438905273e+12,4.231736044118819336e+12,3.515298473268241211e+12,2.920154571865602051e+12,2.425769188145095215e+12,2.015083794141335449e+12,1.673927889452669922e+12,1.390530054995293945e+12,1.155111785895056396e+12,9.595500889178376465e+11,7.970972025264110107e+11,6.621477686401748047e+11,5.500454224723432617e+11,4.569221269205708008e+11,3.795647078221369629e+11,3.153039849373460083e+11,2.619226731794998474e+11,2.175788762680163574e+11,1.807425329902984924e+11,1.501426231814350891e+11,1.247233117896632996e+11,1.036075177998162231e+11,8.606665097814361572e+10,7.149547221955323792e+10,5.939121006573156738e+10,4.933621281974190521e+10,4.244197775539531708e+10,3.727834623853092957e+10,3.227483802363967133e+10,2.751484989901309204e+10,2.307186483170054245e+10,1.900609240738736725e+10,1.536181307393581009e+10,1.216568816896762848e+10,9.426225341410926819e+09,7.134483229713278770e+09,5.265970661474492073e+09,3.783560908994627953e+09,2.641121479206982613e+09,1.787475772053357601e+09,1.170281735941002846e+09,7.394426458951466084e+08,4.497527257502579093e+08,2.626096584417718947e+08,1.467718693203135431e+08,7.827214153802198172e+07,3.969573757967503369e+07,1.907607361051253229e+07,8.653018617379194126e+06,3.689657157473932486e+06,1.472390806997811887e+06,5.472953554985347437e+05,1.885294746575914614e+05,5.986004263954730413e+04,1.741685718586036819e+04,4.615023542999505480e+03,1.106254072030198358e+03,2.381846891201409733e+02,4.571231889496764467e+01
1.469733836299997852e+13,1.235129632483142969e+13,1.037973795907463086e+13,8.722886834352183594e+12,7.330508248369899414e+12,6.160386142784330078e+12,5.177043138400172852e+12,4.350664882955307617e+12,3.656196098383257324e+12,3.072580920264431152e+12,2.582124497027832520e+12,2.169956492985532227e+12,1.823580228943275146e+12,1.532493790609372559e+12,1.287871617042700439e+12,1.082296915098535034e+12,9.095367868433818359e+11,7.643532519410946045e+11,6.423444353257708740e+11,5.398111050697526855e+11,4.536445139574473267e+11,3.812321441906886597e+11,3.203784974634638062e+11,2.692385288099064026e+11,2.262617059810303955e+11,1.901449982650571594e+11,1.597933694014032898e+11,1.342865767579115295e+11,1.128512701428774414e+11,9.483754430511491394e+10,7.969923420833016968e+10,6.697735564470579529e+10,5.830162955623944092e+10,5.184967701240364075e+10,4.549330018161130524e+10,3.934251375086418152e+10,3.349938967991037369e+10,2.805343782953419113e+10,2.307751640654632568e+10,1.862463693291606140e+10,1.472598162468507767e+10,1.139035843036918068e+10,8.605185876841192245e+09,6.338939907824699402e+09,4.544829192316488266e+09,3.165319804890995979e+09,2.137030740531291485e+09,1.395488785367500305e+09,8.792740010572741032e+08,5.331998698062617779e+08,3.103343638528204560e+08,1.728481458868009448e+08,9.183843819661504030e+07,4.639183299959918112e+07,2.219953440754782781e+07,1.002415619298165664e+07,4.253537273645203561e+06,1.688573960630608024e+06,6.241507824650076218e+05,2.137195851956527040e+05,6.742386958073613641e+04,1.948315050010184859e+04,5.124637755808714246e+03,1.218754061944089017e+03,2.601974153820991091e+02
1.396254809359515039e+13,1.185557597424353711e+13,1.006654951079707422e+13,8.547490166102583984e+12,7.257659445399722656e+12,6.162466361680241211e+12,5.232539766372157227e+12,4.442940666892456055e+12,3.772493406813190430e+12,3.203217772071476074e+12,2.719846793312799316e+12,2.309417312676190430e+12,1.960922334743854492e+12,1.665015838320442383e+12,1.413762132614013184e+12,1.200423035993161621e+12,1.019277169829576416e+12,8.654665212053720703e+11,7.348661595673398438e+11,6.239736133584105225e+11,5.298149399025037231e+11,4.498649695025745850e+11,3.819795848391777954e+11,3.243382195222816772e+11,2.753950337088646851e+11,2.338374574023863831e+11,1.985509896384605408e+11,1.685893095329649353e+11,1.431488976235050964e+11,1.215474868933972778e+11,1.032057655725499420e+11,8.763184101665588379e+10,7.708709919765390015e+10,6.932108645461352539e+10,6.155062409999144745e+10,5.391197515675575256e+10,4.653688791489398956e+10,3.954683340159296417e+10,3.304749128019718933e+10,2.712392957762532425e+10,2.183691389938118362e+10,1.722071854045109177e+10,1.328269370176971054e+10,1.000467751963616562e+10,7.346146415458166122e+09,5.248798762530883789e+09,3.642096597177291393e+09,2.449178970559078217e+09,1.592531767172962427e+09,9.988614470195137262e+08,6.027651152904980183e+08,3.489897304550652504e+08,1.932898278852634430e+08,1.020834712837731838e+08,5.123560545230004936e+07,2.434854597923420370e+07,1.091342325833841786e+07,4.594279036755011417e+06,1.808401274177980144e+06,6.623812332954907324e+05,2.246074379334220430e+05,7.012168661391864589e+04,2.003701033129238931e+04,5.207452164091678242e+03,1.222631063767278420e+03
1.328634622377508008e+13,1.138692610788596484e+13,9.759047672145771484e+12,8.363891234988896484e+12,7.168186788388025391e+12,6.143420614829264648e+12,5.265155326567111328e+12,4.512447112275158203e+12,3.867346294293766602e+12,3.314469286366181152e+12,2.840631744427437988e+12,2.434534162268722656e+12,2.086492414541438232e+12,1.788206821415892822e+12,1.532564227826875488e+12,1.313468377530770020e+12,1.125694536939306152e+12,9.647649019744318848e+11,8.268418167973426514e+11,7.086362580205556641e+11,6.073294020450544434e+11,5.205054051548446655e+11,4.460937933897540894e+11,3.823200883796028442e+11,3.276634917242126465e+11,2.808206188273938599e+11,2.406744173530768433e+11,2.062675291084904480e+11,1.767794601206188660e+11,1.515070144855461121e+11,1.298475254006391754e+11,1.112844834935218201e+11,9.882626692955036926e+10,8.976371821579074097e+10,8.056122035711276245e+10,7.137938150635369873e+10,6.237906380402889252e+10,5.371469447214087677e+10,4.552745891338652802e+10,3.793887070169105530e+10,3.104524766164317703e+10,2.491360204519116974e+10,1.957936739784452057e+10,1.504623493733205605e+10,1.128816906577676392e+10,8.253437670049788475e+09,5.870260705345786095e+09,4.053487940025229931e+09,2.711599346334270477e+09,1.753304713297453880e+09,1.093110098021530390e+09,6.554034165968191624e+08,3.768550903423852921e+08,2.071842749135618508e+08,1.085572577086830437e+08,5.402367883424239606e+07,2.544074515574270487e+07,1.129221680505172536e+07,4.704286997258114628e+06,1.831069417555530788e+06,6.626801073878242169e+05,2.218368595493260364e+05,6.830885776593816990e+04,1.923295278118316492e+04,4.920053819192241463e+03
1.265786718046886328e+13,1.094083043171208984e+13,9.456709319890611328e+12,8.173908892847314453e+12,7.065120046361023438e+12,6.106738149867574219e+12,5.278360535466885742e+12,4.562352152429926758e+12,3.943470140570998047e+12,3.408539330155061035e+12,2.946171760167470703e+12,2.546524243865319824e+12,2.201088820505564453e+12,1.902511632247709473e+12,1.644436370362591064e+12,1.421368957926667725e+12,1.228560588277481689e+12,1.061906629275473389e+12,9.178592411793314209e+11,7.933518478861950684e+11,6.857338536306871338e+11,5.927142153485567627e+11,5.123126694361171265e+11,4.428175745884797974e+11,3.827494732469703979e+11,3.308295959277958374e+11,2.859526379312009888e+11,2.471632288837271423e+11,2.136355941816050110e+11,1.846559753546415710e+11,1.596074351036695557e+11,1.379567235311325989e+11,1.235771443355756683e+11,1.132742620584970551e+11,1.026613627469693451e+11,9.192017974346588135e+10,8.123863173574971008e+10,7.080349882559971619e+10,6.079255592996842957e+10,5.136667175325510406e+10,4.266246221364006042e+10,3.478611614599117279e+10,2.780897280962052155e+10,2.176531663774485397e+10,1.665266688514278603e+10,1.243459369306274223e+10,9.045816470776668549e+09,6.399075030951699257e+09,4.393052876557169914e+09,2.920515489263483524e+09,1.875830537196314812e+09,1.161165714405021191e+09,6.908919508124613762e+08,3.940107694100065231e+08,2.147172294484890699e+08,1.114477430046044290e+08,5.490416562740275264e+07,2.557674392792634666e+07,1.122153222516796924e+07,4.617040066812527366e+06,1.773312708649850916e+06,6.326763437426248565e+05,2.085766679781740240e+05,6.318140896344177600e+04,1.747957777514557529e+04
1.206806364469086328e+13,1.051310935347985547e+13,9.158508898554673828e+12,7.978446948917305664e+12,6.950434445364079102e+12,6.054880014694958008e+12,5.274716606644019531e+12,4.595076238155292969e+12,4.003006646435436523e+12,3.487224450891632324e+12,3.037900119832492676e+12,2.646470643929607422e+12,2.305476346459797852e+12,2.008418720335139404e+12,1.749636582646665771e+12,1.524198186533871826e+12,1.327807234299417725e+12,1.156721000611605957e+12,1.007679005425726807e+12,8.778408773065314941e+11,7.647322229808045654e+11,6.661974715275756836e+11,5.803587945330722656e+11,5.055803193301976318e+11,4.404369533155341187e+11,3.836872252125367432e+11,3.342496257025633545e+11,2.911819965348529663e+11,2.536635753228096924e+11,2.209793538449383850e+11,1.925064517583313599e+11,1.677022460414411621e+11,1.514263904487089539e+11,1.399759378462445679e+11,1.280123298109463501e+11,1.157340560728135529e+11,1.033526695860503693e+11,9.108517180851345825e+10,7.914540063260191345e+10,6.773490491613883209e+10,5.703391448661859131e+10,4.719309674425375366e+10,3.832680950040734100e+10,3.050849785658007050e+10,2.376873311872569656e+10,1.809615937585700226e+10,1.344131944081314087e+10,9.723012602672756195e+09,6.836539567543374062e+09,4.662965982088922501e+09,3.078428784136954784e+09,1.962544775971261740e+09,1.205156986353913546e+09,7.109408188244776726e+08,4.017334271679642200e+08,2.167788718140481412e+08,1.113357793051031083e+08,5.423174981086301059e+07,2.495896135457433015e+07,1.080909804291197658e+07,4.385845879777811468e+06,1.659568832669115625e+06,5.827052896813427797e+05,1.888404294673199183e+05,5.616294830283679039e+04
1.150909884292242773e+13,1.009975413449392188e+13,8.862990488604195312e+12,7.777674521086197266e+12,6.825260732676269531e+12,5.989474610015798828e+12,5.256034532465014648e+12,4.612407732769708008e+12,4.047596141522386230e+12,3.551948456002845703e+12,3.116995222096357910e+12,2.735304111227160156e+12,2.400352919329856934e+12,2.106418117709935059e+12,1.848477051389349365e+12,1.622122113736766602e+12,1.423485430828648438e+12,1.249172768573848877e+12,1.096205533229863159e+12,9.619698742357879639e+11,8.441720196491503906e+11,7.407990809739771729e+11,6.500846576269724121e+11,5.704786533027895508e+11,5.006207884710754395e+11,4.393173563961224976e+11,3.855208254941021729e+11,3.383119394801275635e+11,2.968840094386956787e+11,2.605291294059494629e+11,2.286260799204051819e+11,2.006297128423076477e+11,1.825127914324141846e+11,1.700431577580765076e+11,1.568259380458644409e+11,1.430709934968923950e+11,1.290088363512198639e+11,1.148831034356691437e+11,1.009415754781284790e+11,8.742616534044879150e+10,7.456246175611187744e+10,6.254954922106795502e+10,5.155090457489755249e+10,4.168717317108335114e+10,3.303153522167896652e+10,2.560818010656815720e+10,1.939412309512283325e+10,1.432425298423319244e+10,1.029913535237421608e+10,7.194770436074712753e+09,4.873274479286080360e+09,3.193365182898778439e+09,2.019608616270190954e+09,1.229617782166655540e+09,7.187399018572124243e+08,4.021628544261381030e+08,2.147336594569322765e+08,1.090457684335896373e+08,5.247675054569595307e+07,2.383979236486186087e+07,1.018180378862562403e+07,4.070202464202268049e+06,1.515733236424599541e+06,5.231738969634763780e+05,1.664682500049624068e+05
1.098013454665968164e+13,9.701508486276244141e+12,8.571777195382579102e+12,7.573602021914327148e+12,6.691663383089696289e+12,5.912425646742002930e+12,5.223929391994058594e+12,4.615607860976145508e+12,4.078124784564285156e+12,3.603231093154485352e+12,3.183638313328957031e+12,2.812906707358245117e+12,2.485346438750263184e+12,2.195930246975635986e+12,1.940216291136956299e+12,1.714279978418192871e+12,1.514653731045298340e+12,1.338273767326125732e+12,1.182433079986705566e+12,1.044739890135000488e+12,9.230809392203123779e+11,8.155890556086182861e+11,7.206144979988504639e+11,6.366996358707049561e+11,5.625565783697730713e+11,4.970474082874682007e+11,4.391667177748220825e+11,3.880261777555966797e+11,3.428409042162814941e+11,3.029174121284995117e+11,2.676429721254623108e+11,2.364762065832137756e+11,2.166223384277129211e+11,2.033076013419388733e+11,1.889846870363887329e+11,1.738684848782314148e+11,1.582024877974049072e+11,1.422517459480064087e+11,1.262939384711395874e+11,1.106088935872474823e+11,9.546708009228410339e+10,8.111777295946847534e+10,6.777773574850268555e+10,5.562133479350187683e+10,4.477297937259150696e+10,3.530265131566341400e+10,2.722504395312525558e+10,2.050248979590166092e+10,1.505145517214270401e+10,1.075197253402918243e+10,7.459032127874817848e+09,5.014727585714233398e+09,3.259892270177134037e+09,2.044093199582568407e+09,1.233148152811024427e+09,7.137437068113744259e+08,3.951766532813888788e+08,2.086314512214967310e+08,1.046711451192255914e+08,4.972179137391600758e+07,2.227616292172534019e+07,9.373213395742338151e+06,3.687591469207405113e+06,1.349947679340684554e+06,4.574850448272387730e+05
1.047292163897411914e+13,9.313253810497791016e+12,8.281996135249248047e+12,7.364929742059400391e+12,6.549410217013928711e+12,5.824193263618571289e+12,5.179279667634811523e+12,4.605777428977175781e+12,4.095779159761592285e+12,3.642253058082051270e+12,3.238945954273625488e+12,2.880297092874089844e+12,2.561361461518868652e+12,2.277741609636402344e+12,2.025527016867242920e+12,1.801240175225155029e+12,1.601788641586809814e+12,1.424422399414772217e+12,1.266695941821975586e+12,1.126434553182729980e+12,1.001704324384988770e+12,8.907854882970800781e+11,7.921487078014252930e+11,7.044339894569470215e+11,6.264319320541313477e+11,5.570670515197447510e+11,4.953829522567912598e+11,4.405291404637252808e+11,3.917492976163429565e+11,3.483708524283989868e+11,3.097957075102269897e+11,2.754919928655275879e+11,2.540267638719520569e+11,2.400725225832511902e+11,2.248254228196364441e+11,2.084983641888840942e+11,1.913409231218890991e+11,1.736331773281132507e+11,1.556772722665496521e+11,1.377869399531194153e+11,1.202753916541974182e+11,1.034422216937742157e+11,8.756015388563871765e+10,7.286260450345741272e+10,5.953309486293048859e+10,4.769749567406786346e+10,3.741990842873272705e+10,2.870268755637252808e+10,2.149070404984687042e+10,1.567949269629187775e+10,1.112647568961259270e+10,7.664089095977498055e+09,5.113423957008244514e+09,3.296977705543793678e+09,2.049305356673105955e+09,1.224732286421777248e+09,7.017708927080793381e+08,3.843774019687284231e+08,2.005967484864071906e+08,9.940054494480635226e+07,4.659515949717237055e+07,2.058040276254145056e+07,8.528631713818240911e+06,3.300939973112104926e+06,1.187432166788688162e+06
9.987242014678787109e+12,8.935688398561402344e+12,7.994852536749418945e+12,7.153076991209639648e+12,6.399931731946151367e+12,5.726084903588429688e+12,5.123187198925449219e+12,4.583768406714522461e+12,4.101144851939248047e+12,3.669336581654081055e+12,3.282993270305545410e+12,2.937327926459393066e+12,2.628057579525649902e+12,2.351350211560291016e+12,2.103777276600818359e+12,1.882271219226444580e+12,1.684087465975839355e+12,1.506770418676695068e+12,1.348123028327136230e+12,1.206179572533747070e+12,1.079181299204573486e+12,9.655546347103222656e+11,8.638916865013737793e+11,7.729327985982734375e+11,6.915509438092229004e+11,6.187377592860920410e+11,5.535910523924998779e+11,4.953036220751043091e+11,4.431532572292736206e+11,3.964937881337282715e+11,3.547470800768590698e+11,3.173958699716438599e+11,2.944900185417938232e+11,2.801442771771845703e+11,2.642034162736367493e+11,2.468707823124052124e+11,2.283942286283608398e+11,2.090611747965241089e+11,1.891911082982023621e+11,1.691255998632962036e+11,1.492161210913973389e+11,1.298101922176183777e+11,1.112366259539836731e+11,9.379083985010025024e+10,7.772134985316679382e+10,6.321859727780789948e+10,5.040717245911344910e+10,3.934226713470129395e+10,3.001082095617928314e+10,2.233735738331894302e+10,1.619398746062409973e+10,1.141357250176462746e+10,7.804661176301811218e+09,5.166625429435617447e+09,3.303457353362588882e+09,2.034957326827088833e+09,1.204496351205478191e+09,6.830856105621548891e+08,3.700253545807892680e+08,1.908300977555300891e+08,9.336671852759139240e+07,4.317469348760075122e+07,1.879334959736032411e+07,7.667225977035287768e+06,2.918231300233372487e+06
9.518524890430001953e+12,8.565990847461624023e+12,7.708778412983852539e+12,6.937348600844627930e+12,6.243117006526122070e+12,5.618358280630486328e+12,5.056120161857013672e+12,4.550146112837105469e+12,4.094805697925213379e+12,3.685031928195808594e+12,3.316264876426988770e+12,2.984400934623054688e+12,2.685747149418032715e+12,2.416980127208731445e+12,2.175109051716866943e+12,1.957442402443088135e+12,1.761558003658622559e+12,1.585276070642377441e+12,1.426634953224251221e+12,1.283869306710999756e+12,1.155390447282485352e+12,1.039768673254916382e+12,9.357173554836992188e+11,8.420786198650456543e+11,7.578104626126805420e+11,6.819751549294545898e+11,6.137288080420258789e+11,5.523119824792519531e+11,4.970412370951880493e+11,4.473015237948310547e+11,4.025393433319132690e+11,3.622565860169346924e+11,3.381106434787031250e+11,3.236575862526982422e+11,3.072940942574205933e+11,2.892060162199641113e+11,2.696310048305668945e+11,2.488551407811385803e+11,2.272067928743242798e+11,2.050476354729016113e+11,1.827609550532832031e+11,1.607376264100738525e+11,1.393604071718926392e+11,1.189874589174124908e+11,9.993621913711032104e+10,8.246888153130099487e+10,6.678075544377065277e+10,5.299264060585527039e+10,4.114806014853974152e+10,3.121575679663167572e+10,2.309731637202388382e+10,1.663920812514276886e+10,1.164801046463683891e+10,7.907214396622730255e+09,5.193840479190161705e+09,3.293207779649904728e+09,2.010544948871065140e+09,1.178671204485298872e+09,6.615943172647361755e+08,3.544516347108137012e+08,1.806499554280040264e+08,8.727317371851530671e+07,3.981270662533695996e+07,1.707963258650428057e+07,6.860293554655955173e+06
9.062639273786642578e+12,8.201451634383949219e+12,7.422099333214915039e+12,6.716805873872245117e+12,6.078533730394409180e+12,5.500914125755684570e+12,4.978183483235354492e+12,4.505125916568058594e+12,4.077021185033258301e+12,3.689597594171689453e+12,3.338989372164963379e+12,3.021698096573460938e+12,2.734557786542291016e+12,2.474703312160389648e+12,2.239541805756201172e+12,2.026726789867680420e+12,1.834134763731445801e+12,1.659844014667535889e+12,1.502115442936469238e+12,1.359375208736204834e+12,1.230199028187986572e+12,1.113297961614023682e+12,1.007505552300398682e+12,9.117661874135734863e+11,8.251245649342333984e+11,7.467161615076212158e+11,6.757586060974013672e+11,6.115438733677869873e+11,5.534312188985653076e+11,5.008407857392531128e+11,4.532478185078500366e+11,4.101774273013676758e+11,3.850245022331173706e+11,3.707887080606410522e+11,3.543190872927648315e+11,3.357757332524882202e+11,3.153770153422916870e+11,2.933980534885753174e+11,2.701663299194179688e+11,2.460542063816618347e+11,2.214683063932271118e+11,1.968359656052994385e+11,1.725892354487556152e+11,1.491472227939946289e+11,1.268978285864760284e+11,1.061801710469200592e+11,8.726910067447111511e+10,7.036319526193130493e+10,5.557743588885800934e+10,4.294140294304360962e+10,3.240331653657534790e+10,2.383963168721077347e+10,1.706926714840711594e+10,1.187099709570474434e+10,8.002165806230191231e+09,5.216773163762489319e+09,3.281155855830255032e+09,1.985931163463709831e+09,1.153496010195111275e+09,6.410609647127467394e+08,3.398124200899906754e+08,1.712234962496096790e+08,8.171362709756462276e+07,3.679115375160481036e+07,1.556327543759404495e+07
