9.978360075383018168e-01,1.081388008124676951e-27,1.171936084969322309e-54,1.270066041914934365e-81,1.376412734033857010e-108,1.491664174844103558e-135,1.616565987436117398e-162,1.751926228307202141e-189,1.898620615109278750e-216,2.057598192134513400e-243,2.229887470189265938e-270,2.416603080579229847e-297,4.940656458412465442e-324,0.000000000000000000e+00,0.000000000000000000e+00,0.000000000000000000e+00,0.000000000000000000e+00,0.000000000000000000e+00,0.000000000000000000e+00,0.000000000000000000e+00,0.000000000000000000e+00,0.000000000000000000e+00,0.000000000000000000e+00,0.000000000000000000e+00,0.000000000000000000e+00,0.000000000000000000e+00,0.000000000000000000e+00,0.000000000000000000e+00,0.000000000000000000e+00,0.000000000000000000e+00,0.000000000000000000e+00,0.000000000000000000e+00
9.969443104496238384e-01,1.139493280373915436e-24,1.302424741690642005e-48,1.488653103080426386e-72,1.701509492544168566e-96,1.944801342386011305e-120,2.222880494008258847e-144,2.540721040731189395e-168,2.904008301037600715e-192,3.319240513735540880e-216,3.793845074095089594e-240,4.336311390112886919e-264,4.956342735346883311e-288,5.665029814564742936e-312,0.000000000000000000e+00,0.000000000000000000e+00,0.000000000000000000e+00,0.000000000000000000e+00,0.000000000000000000e+00,0.000000000000000000e+00,0.000000000000000000e+00,0.000000000000000000e+00,0.000000000000000000e+00,0.000000000000000000e+00,0.000000000000000000e+00,0.000000000000000000e+00,0.000000000000000000e+00,0.000000000000000000e+00,0.000000000000000000e+00,0.000000000000000000e+00,0.000000000000000000e+00,0.000000000000000000e+00
9.959624907795509019e-01,5.968514898534457293e-23,3.576758203629247953e-45,2.143447652341514322e-67,1.284506130066780212e-89,7.697673401898862414e-112,4.612992839451499767e-134,2.764433072931276714e-156,1.656644716497001276e-178,9.927792224636769725e-201,5.949438493002110574e-223,3.565326266012405387e-245,2.136596823056554072e-267,1.280400626392489564e-289,7.673070306830942338e-312,0.000000000000000000e+00,0.000000000000000000e+00,0.000000000000000000e+00,0.000000000000000000e+00,0.000000000000000000e+00,0.000000000000000000e+00,0.000000000000000000e+00,0.000000000000000000e+00,0.000000000000000000e+00,0.000000000000000000e+00,0.000000000000000000e+00,0.000000000000000000e+00,0.000000000000000000e+00,0.000000000000000000e+00,0.000000000000000000e+00,0.000000000000000000e+00,0.000000000000000000e+00
9.945273102417219180e-01,3.005234026270761677e-19,9.081129758478391213e-38,2.744109675633277125e-56,8.292071704926641604e-75,2.505674382120832206e-93,7.571574791720857484e-112,2.287956696835600263e-130,6.913681751276708446e-149,2.089156469789970760e-167,6.312952942127485810e-186,1.907629965768930552e-204,5.764421372469788790e-223,1.741876273473007560e-241,5.263551631701854612e-260,1.590524895568627230e-278,4.806202390391765480e-297,1.452324419302216387e-315,0.000000000000000000e+00,0.000000000000000000e+00,0.000000000000000000e+00,0.000000000000000000e+00,0.000000000000000000e+00,0.000000000000000000e+00,0.000000000000000000e+00,0.000000000000000000e+00,0.000000000000000000e+00,0.000000000000000000e+00,0.000000000000000000e+00,0.000000000000000000e+00,0.000000000000000000e+00,0.000000000000000000e+00
9.915826840867690839e-01,2.117168021171525726e-13,4.520450489713391593e-26,9.651795429369132046e-39,2.060793613874958578e-51,4.400083228106087854e-64,9.394794453897411234e-77,2.005920303216104036e-89,4.282921018229667218e-102,9.144636713125574344e-115,1.952508119087557351e-127,4.168878518302358465e-140,8.901139990385121390e-153,1.900518155676702088e-165,4.057872658960721227e-178,8.664126920944284856e-191,1.849912543126690441e-203,3.949822582752144867e-216,8.433424862805135911e-229,1.800654419951672198e-241,3.844649585237446016e-254,8.208865770958524763e-267,1.752707906186274742e-279,3.742277057661241400e-292,7.990286074973462920e-305,1.706038319028574792e-317,0.000000000000000000e+00,0.000000000000000000e+00,0.000000000000000000e+00,0.000000000000000000e+00,0.000000000000000000e+00,0.000000000000000000e+00
9.891718488113434571e-01,6.069207169286148075e-10,3.723849976925461674e-19,2.284822096833891664e-28,1.401885695322947926e-37,8.601472760064947166e-47,5.277558212411345745e-56,3.238122291650544565e-65,1.986796839308280190e-74,1.219027981390200310e-83,7.479522767560069198e-93,4.589169542002441139e-102,2.815751450959715504e-111,1.727645091561045469e-120,1.060021672501515981e-129,6.503916525804986951e-139,3.990572199793991122e-148,2.448473380398692121e-157,1.502296310997913101e-166,9.217556637966442410e-176,5.655565400256252941e-185,3.470054077544414660e-194,2.129101946294832849e-203,1.306341341205920753e-212,8.015246534875732349e-222,4.917870619905446804e-231,3.017430758853137635e-240,1.851388352434759673e-249,1.135946142748766432e-258,6.969762111385100210e-268,4.276398507041108165e-277,2.623846251674882895e-286
9.874846643756517439e-01,4.573117723134527271e-08,2.117846126032738237e-15,9.807908925811689649e-23,4.542118349136834807e-30,2.103490076592273136e-37,9.741424952440858179e-45,4.511329107754695037e-52,2.089231341188432881e-59,9.675391647887335457e-67,4.480748574581373395e-74,2.075069260167505556e-81,9.609805957243502277e-89,4.450375334865597332e-96,2.061003178347342697e-103,9.544664846310384429e-111,4.420207983446270954e-118,2.047032444986784109e-125,9.479965301455693585e-133,4.390245124687266855e-140,2.033156413756256349e-147,9.415704329476199041e-155,4.360485372412927658e-162,2.019374442706819896e-169,9.351878957458138381e-177,4.330927349844187814e-184,2.005685894241461441e-191,9.288486232640512243e-199,4.301569689533887550e-206,1.992090135085072037e-213,9.225523222276328521e-221,4.272411033304994041e-228
9.863812980420815224e-01,7.323861252114902910e-07,5.437952214493598710e-13,4.037668556128967733e-19,2.997960762821989805e-25,2.225979822384690043e-31,1.652785530454883584e-37,1.227189924280014957e-43,9.111860447131843461e-50,6.765538012114673911e-56,5.023398334395817137e-62,3.729863135913784663e-68,2.769415858860383783e-74,2.056285691949019238e-80,1.526787980716701809e-86,1.133636997615591210e-92,8.417231852713373169e-99,6.249777681158326939e-105,4.640447328454497648e-111,3.445522786047238478e-117,2.558293722326241843e-123,1.899527931203109850e-129,1.410395659392874709e-135,1.047215933684295136e-141,7.775557195307031917e-148,5.773335541676789258e-154,4.286690000415910102e-160,3.182858683167723065e-166,2.363266155479698237e-172,1.754720356003053022e-178,1.302876326744857603e-184,9.673830459564274545e-191
9.855652444272589019e-01,5.496760220283838781e-06,3.065689774486041169e-11,1.709816949756435104e-16,9.536105140203065547e-22,5.318540166417312182e-27,2.966291697282118488e-32,1.654379991134336246e-37,9.226918436825932395e-43,5.146098495876118725e-48,2.870116378569399184e-53,1.600740450874305606e-58,8.927756415028745521e-64,4.979247857612243583e-69,2.777059327671586441e-74,1.548840051739464149e-79,8.638294047119466289e-85,4.817806975013049470e-90,2.687019441787247131e-95,1.498622406000954699e-100,8.358216843695029177e-106,4.661600448951302428e-111,2.599898896144967392e-116,1.450032954174883675e-121,8.087220511961716950e-127,4.510458567220515669e-132,2.515603037721162680e-137,1.403018905745454936e-142,7.825010625135698595e-148,4.364217120150160553e-153,2.434040282402998272e-158,1.357529181810418432e-163
9.848974222235519216e-01,2.490604608028251888e-05,6.298230834564595671e-10,1.592694059811611802e-14,4.027598280834618097e-19,1.018497420257900025e-23,2.575572146825479900e-28,6.513096402172063659e-33,1.647029177430419162e-37,4.165000705966053989e-42,1.053243689814981171e-46,2.663438372401808290e-51,6.735292157153724840e-56,1.703217949860393901e-60,4.307090645868103069e-65,1.089175336206713559e-69,2.754302174111481007e-74,6.965068170507739930e-79,1.761323614954111592e-83,4.454028016166255862e-88,1.126332798831595149e-92,2.848265814941440175e-97,7.202683044460461659e-102,1.821411567937745417e-106,4.605978188043192546e-111,1.164757896687267174e-115,2.945435046603446867e-120,7.448404203512528142e-125,1.883549435010481549e-129,4.763112174357359775e-134,1.204493875436035534e-138,3.045919228552837853e-143
9.842987807613209350e-01,7.859563205821841524e-05,6.275811267238332760e-09,5.011195410047860910e-13,4.001407685533456804e-17,3.195098605363153963e-21,2.551265929463147802e-25,2.037169629730316474e-29,1.626667001808339160e-33,1.298883262422472313e-37,1.037150029800659720e-41,8.281577070362005863e-46,6.612786655902395639e-50,5.280268116199505898e-54,4.216260531264325588e-58,3.366657237150402073e-62,2.688254406579175872e-66,2.146554058056996195e-70,1.714009772618364193e-74,1.368625909794464756e-78,1.092839090467538975e-82,8.726250680386716982e-87,6.967855707318666537e-91,5.563788497061640524e-95,4.442649753427303659e-99,3.547427592197630810e-103,2.832598386171718359e-107,2.261811808362237913e-111,1.806042353699509085e-115,1.442113340861148944e-119,1.151518337114105466e-123,9.194800735413943060e-128
9.836873533281416115e-01,1.940423997520587492e-04,3.827684962518527161e-08,7.550500401464413835e-12,1.489413493293439691e-15,2.938020576191628145e-19,5.795546330816422227e-23,1.143230838640981887e-26,2.255139853632500908e-30,4.448494203923999119e-34,8.775110177965160451e-38,1.730980307167827417e-41,3.414535844036125403e-45,6.735521474120052258e-49,1.328650557514870597e-52,2.620899229209646812e-56,5.169992012436829853e-60,1.019833845985773873e-63,2.011726654347268938e-67,3.968336751855159664e-71,7.827950453454796269e-75,1.544143356107444522e-78,3.045980832899163309e-82,6.008508988295966899e-86,1.185239902776123952e-89,2.338007032808384256e-93,4.611958197372351789e-97,9.097559637688766731e-101,1.794586763784181771e-104,3.540006090652735997e-108,6.983024379068435669e-112,1.377473039027214555e-115
9.829782113457549153e-01,4.080009887155615139e-04,1.693474024871575166e-07,7.029037556852725829e-11,2.917515606972071610e-14,1.210961991322305415e-17,5.026293401560198502e-21,2.086244286741092887e-24,8.659293989103108814e-28,3.594179879425704967e-31,1.491822430549763501e-34,6.192050033530730188e-38,2.570110412109766665e-41,1.066765852127435859e-44,4.427784027889226330e-48,1.837823301011462297e-51,7.628182550156485440e-55,3.166200416900044984e-58,1.314182639713132180e-61,5.454727380190029644e-65,2.264072731830462525e-68,9.397399682400856370e-72,3.900542573090829290e-75,1.618983216494151734e-78,6.719851421113151126e-82,2.789182905776023085e-85,1.157695430204093712e-88,4.805201933297052681e-92,1.994476700637155578e-95,8.278397795980147207e-99,3.436082760284729067e-102,1.426201666856241720e-105
9.820883965722738695e-01,7.683281072783219477e-04,6.010946494167698769e-07,4.702610436020199829e-10,3.679045377366695520e-13,2.878268373039663518e-16,2.251787618115763320e-19,1.761665981044230421e-22,1.378223684951882727e-25,1.078241020829840359e-28,8.435522562077968967e-32,6.599455921326429013e-35,5.163025543114959869e-38,4.039247034397911423e-41,3.160068930251473514e-44,2.472251773387564184e-47,1.934144148726390866e-50,1.513160442767750443e-53,1.183807591106813488e-56,9.261413219333094116e-60,7.245584118872114124e-63,5.668518181875503327e-66,4.434714696715728833e-69,3.469459532501676290e-72,2.714300754585464505e-75,2.123509012664891680e-78,1.661308356950089533e-81,1.299709791864127295e-84,1.016816376081254471e-87,7.954972326430484251e-91,6.223501725863388059e-94,4.868901127806069401e-97
9.809405399786368385e-01,1.331534178461109708e-03,1.807431945313132192e-06,2.453418237235153362e-09,3.330283644928732076e-12,4.520545656405659075e-15,6.136213971673690317e-18,8.329331184346861234e-21,1.130628076185059842e-23,1.534720877782190209e-26,2.083238708035566856e-29,2.827799880411663451e-32,3.838471382473745109e-35,5.210362535246023837e-38,7.072575263332885013e-41,9.600353241666896940e-44,1.303157321529160952e-46,1.768913040912437408e-49,2.401132460843988802e-52,3.259310639456097165e-55,4.424206501601220075e-58,6.005442663813549432e-61,8.151821479241100375e-64,1.106532809476835187e-66,1.502013827911606521e-69,2.038841975507614163e-72,2.767535507227238033e-75,3.756668185064508536e-78,5.099322417299379616e-81,6.921848785834535109e-84,9.395756277622223333e-87,1.275385215134129842e-89
9.794673785123704235e-01,2.156596127013184899e-03,4.748404037827310912e-06,1.045505953758805559e-08,2.302000189194655940e-11,5.068555422377574569e-14,1.115997044235715050e-16,2.457207821471629612e-19,5.410292356138233947e-22,1.191240851632856448e-24,2.622880009412038804e-27,5.775070200407740528e-30,1.271557818121987233e-32,2.799722304177386931e-35,6.164442441229393707e-38,1.357289991029877993e-40,2.988487827266429790e-43,6.580067305250634358e-46,1.448802479521323738e-48,3.189980477847337056e-51,7.023714821643149591e-54,1.546485009496345804e-56,3.405058356337722934e-59,7.497274360157805537e-62,1.650753583322866049e-64,3.634637418812565756e-67,8.002762677419112817e-70,1.762052251473698284e-72,3.879695377802750145e-75,8.542332505721781981e-78,1.880855003612168678e-80,4.141275866097792461e-83
9.776161059537177289e-01,3.299293984397210031e-03,1.113457596411054599e-05,3.757736730550841991e-08,1.268174502706256528e-10,4.279880908736555563e-13,1.444389597321080293e-15,4.874577945827103755e-18,1.645090091621710296e-20,5.551909190145786400e-23,1.873678275287623647e-25,6.323356811231619030e-28,2.134029192178755336e-30,7.201998446429853501e-33,2.430556330366850479e-35,8.202728893970902155e-38,2.768286439912693230e-40,9.342512610696160732e-43,3.152944746706587383e-45,1.064067129478967835e-47,3.591052006922444342e-50,1.211921142863987530e-52,4.090035047360632370e-55,1.380319733436275076e-57,4.658352665567387254e-60,1.572117606605282688e-62,5.305639023998813468e-65,1.790566134156014833e-67,6.042866969057534717e-70,2.039368471745250742e-72,6.882534043600389571e-75,2.322742335071045605e-77
9.753539903736009320e-01,4.805185099033763840e-03,2.367325510928782909e-05,1.166288074068388909e-07,5.745842155777281218e-10,2.830750207703081431e-12,1.394599176441702205e-14,6.870641067655387613e-17,3.384894346560402303e-19,1.667604176168436787e-21,8.215629215134161710e-24,4.047517052616715458e-26,1.994052294989734213e-28,9.823910569032057516e-31,4.839853955226146081e-33,2.384405491409768377e-35,1.174702707986858254e-37,5.787297744125574005e-40,2.851173743913436502e-42,1.404661048627197756e-44,6.920211950402948236e-47,3.409315968809859690e-49,1.679635747934754177e-51,8.274904032215970478e-54,4.076719421254185861e-56,2.008439152276294547e-58,9.894788950560683742e-61,4.874772943216806733e-63,2.401608701979651476e-65,1.183178052518346084e-67,5.829052429761753456e-70,2.871744633581561951e-72
9.726633225423751972e-01,6.710404330913722314e-03,4.629507995289282703e-05,3.193897598645743403e-07,2.203469975862451216e-09,1.520173951909406446e-11,1.048768020158447811e-13,7.235450645141871056e-16,4.991737451183419393e-18,3.443799702825334904e-20,2.375877439300878617e-22,1.639117862153191005e-24,1.130827424675665692e-26,7.801578482701593034e-29,5.382309050314083985e-31,3.713255051824026843e-33,2.561774686478072924e-35,1.767368374293627175e-37,1.219307453907123776e-39,8.412002210618221334e-42,5.803440384514937886e-44,4.003793562263361071e-46,2.762217206882083489e-48,1.905653670535969711e-50,1.314710480761329478e-52,9.070187699623442241e-55,6.257522558027865902e-57,4.317064856976924902e-59,2.978343075317391266e-61,2.054758908695895684e-63,1.417578185620950412e-65,9.779872002714541114e-68
9.695382889191611619e-01,9.043225060095715084e-03,8.434934486054302381e-05,7.867560445661966672e-07,7.338350697149248797e-09,6.844738127692882508e-11,6.384328300757365991e-13,5.954887841061964955e-15,5.554333600830171050e-17,5.180722554769277300e-19,4.832242374761849082e-21,4.507202638548509233e-23,4.204026629756952312e-25,3.921243689499918986e-27,3.657482082441438192e-29,3.411462342725826475e-31,3.181991067490820655e-33,2.967955127859110862e-35,2.768316269326108672e-37,2.582106075351492128e-39,2.408421269723672214e-41,2.246419334909696641e-43,2.095314425135866931e-45,1.954373554374253979e-47,1.822913040743171620e-49,1.700295190074610984e-51,1.585925202560513482e-53,1.479248287473071655e-55,1.379746971962603368e-57,1.286938590878443444e-59,1.200372945436789032e-61,1.119630119377383176e-63
9.659783438741710304e-01,1.182803037056743937e-02,1.448296468903960594e-04,1.773382884659476554e-06,2.171438599158606344e-08,2.658842391400032023e-10,3.255649441363481392e-12,3.986416539518642234e-14,4.881212523880439758e-16,5.976855521014958990e-18,7.318427899690795917e-20,8.961131272900077857e-22,1.097255787592585656e-23,1.343547178073862831e-25,1.645121438521382118e-27,2.014387430267009946e-29,2.466539322996549952e-31,3.020181788506225281e-33,3.698095526222301363e-35,4.528174619524833468e-37,5.544574292231681076e-39,6.789116291920388212e-41,8.313009727328623430e-43,1.017895816704485268e-44,1.246373970017546387e-46,1.526136612061859333e-48,1.868695122574482271e-50,2.288144739818460426e-52,2.801744536661375331e-54,3.430627578801966785e-56,4.200670485989998181e-58,5.143558176031621147e-60
9.619809053946862809e-01,1.509056141166139828e-02,2.367251183906731815e-04,3.713498798909733483e-06,5.825352807193855632e-08,9.138210934185416885e-10,1.433508009584262336e-11,2.248739089458782872e-13,3.527589283527245922e-15,5.533717189152102204e-17,8.680723142150544473e-19,1.361742056829149648e-20,2.136160085941746898e-22,3.350986987503467026e-24,5.256681774141011151e-26,8.246138638447309164e-28,1.293568935045621379e-29,2.029217144025773353e-31,3.183225961949182025e-33,4.993515629738981721e-35,7.833310811897147736e-37,1.228808775732044592e-38,1.927628104610324136e-40,3.023863584852727278e-42,4.743524416317233762e-44,7.441150454309917000e-46,1.167290715173855316e-47,1.831124934373408184e-49,2.872479393262905756e-51,4.506048555088614552e-53,7.068622886708417539e-55,1.108852443635390864e-56
9.575259535582447690e-01,1.886926224774821553e-02,3.718427228538177050e-04,7.327632035843957583e-06,1.444002745048628285e-07,2.845590386509917966e-09,5.607596436753975115e-11,1.105047934747315428e-12,2.177636982015378382e-14,4.291309613211825266e-16,8.456569367866341100e-18,1.666474151698672211e-19,3.283998483868053398e-21,6.471535145657564773e-23,1.275298004771029488e-24,2.513136318303576059e-26,4.952453568301729247e-28,9.759437308494539011e-30,1.923220788743252286e-31,3.789950265918276489e-33,7.468577244072085152e-35,1.471777784322887903e-36,2.900324620925149332e-38,5.715457181339873952e-40,1.126303261229739651e-41,2.219523296226314952e-43,4.373851903005730251e-45,8.619229409284791567e-47,1.698528374013455815e-48,3.347165390703096783e-50,6.596013539796202367e-52,1.299828049669051777e-53
9.525797932521435918e-01,2.321115186479272979e-02,5.655773665438904507e-04,1.378120997225996758e-05,3.358015358006360680e-07,8.182349131393016850e-09,1.993762093683695730e-10,4.858124754123348152e-12,1.183760901132385531e-13,2.884425456263568845e-15,7.028370513659052979e-17,1.712576484512826131e-18,4.172970405596043808e-20,1.016811930063035143e-21,2.477627207065776682e-23,6.037140591782842950e-25,1.471047235072771199e-26,3.584445210304757925e-28,8.734082196239759883e-30,2.128200804726109508e-31,5.185706481199377947e-33,1.263581502715090702e-34,3.078921299908343578e-36,7.502291186330078096e-38,1.828054943988412254e-39,4.454352404142342933e-41,1.085375218372749742e-42,2.644692780845515092e-44,6.444222962398794990e-46,1.570239458052738288e-47,3.826143151800482800e-49,9.323018437088629068e-51
9.470720670215774240e-01,2.819074452446899276e-02,8.391315766952844217e-04,2.497776539374236857e-05,7.434933702791503400e-07,2.213097860978137227e-08,6.587553215742974262e-10,1.960864819193564074e-11,5.836751086825745985e-13,1.737379492767500854e-14,5.171520006570332420e-16,1.539365423023110679e-17,4.582107199795269771e-19,1.363919578574332896e-20,4.059871442775227652e-22,1.208469794758046569e-23,3.597156376568050848e-25,1.070737063815059860e-26,3.187178259181291663e-28,9.487021229660419462e-30,2.823926510942896957e-31,8.405758505392920050e-33,2.502075594998128633e-34,7.447730361357320239e-36,2.216906941036124764e-37,6.598891402827946538e-39,1.964239767590993965e-40,5.846797028562135939e-42,1.740369788721293121e-43,5.180420983826623089e-45,1.542014906463587931e-46,4.589993707421615659e-48
9.408992136353828695e-01,3.390796337134554389e-02,1.221969328202735438e-03,4.403711962040467864e-05,1.587002111840315279e-06,5.719210803738930638e-08,2.061079312596105223e-09,7.427682032693172516e-11,2.676775223623067701e-12,9.646516324022453942e-14,3.476394893691518368e-15,1.252817188189343860e-16,4.514880947129621326e-18,1.627064998702214165e-19,5.863588743541305059e-21,2.113109985206995702e-22,7.615189272098756927e-24,2.744348758742309695e-25,9.890036662916424470e-27,3.564154332871929585e-28,1.284443783324040870e-29,4.628856324496971504e-31,1.668139248366814559e-32,6.011611415146180223e-34,2.166454139970545135e-35,7.807430015802823085e-37,2.813628145966048774e-38,1.013970452216525395e-39,3.654129204821281191e-41,1.316868772294032793e-42,4.745708939780109863e-44,1.710250392062589863e-45
9.339211915766399974e-01,4.048554666323864182e-02,1.755051179269408656e-03,7.608158702848394730e-05,3.298141930642947219e-06,1.429746752074546812e-07,6.197961816243642360e-09,2.686820628889351361e-10,1.164738555327292060e-11,5.049149495426852882e-13,2.188809712751833407e-14,9.488504871911553714e-16,4.113273263535509937e-17,1.783106734824039457e-18,7.729779725458724483e-20,3.350864725997988470e-21,1.452602119431166633e-22,6.297039987931756120e-24,2.729771083160730111e-25,1.183357606231102191e-26,5.129863206711066421e-28,2.223799161048253290e-29,9.640184366338044561e-31,4.179026426702269893e-32,1.811610775418156927e-33,7.853344933741180053e-35,3.404430327153501034e-36,1.475822843670915272e-37,6.397701984173211449e-39,2.773408126444480095e-40,1.202274293935019496e-41,5.211867175531775290e-43
9.259310726930688462e-01,4.809439759968164863e-02,2.498102881188229464e-03,1.297556122221235630e-04,6.739721982598981405e-06,3.500723523616732939e-07,1.818333934314259289e-08,9.444728423634204278e-10,4.905748790848195889e-11,2.548127391221274413e-12,1.323539683484183584e-13,6.874684914861441139e-15,3.570825511949061126e-16,1.854746071230446770e-17,9.633859109702125968e-19,5.003986410065324902e-20,2.599153642064472581e-21,1.350043565559716583e-22,7.012350479833661800e-24,3.642331292593204006e-25,1.891887361185999951e-26,9.826777137746347549e-28,5.104191237600880956e-29,2.651201693577442105e-30,1.377078187872085106e-31,7.152772797735479107e-33,3.715268976490116072e-34,1.929772405470496281e-35,1.002355834928936672e-36,5.206402666801222494e-38,2.704292007318644908e-39,1.404654178494529238e-40
